factor,vol_vs_forward_vol,abs_ret_vs_forward_vol,vol_vs_abs_ret,n_obs
Mkt-RF,0.24672521322236163,0.20369760243493637,0.10257860313037678,725
SMB,0.27888297937863965,0.3067373593305998,0.16856172699136296,725
HML,0.48669628892324035,0.3476108821934384,0.47613842430907927,725
RMW,0.5562123445097245,0.4157273597443825,0.5479820788813621,725
CMA,0.5563001448857653,0.24602551847749987,0.40820154325257985,725
Mom,0.40931600147171987,0.34463475223629136,0.45942597488339804,725
