Factor,Type,K,Lambda,R_squared,Volatility
SMB,Mechanical,0.09202958155080215,0.030283870874379986,3.3060431201654934,0.030283870874379986
HML,Judgment,0.08896708957219251,0.029696556246192385,2.772838843744663,0.029696556246192385
RMW,Mechanical,0.05008696256684492,0.022227134704508194,1.7296050625522734,0.022227134704508194
CMA,Mechanical,0.043204181818181815,0.02064640683202166,2.8310171479917963,0.02064640683202166
Mom,Judgment,0.17651582625994694,0.041587672006678615,2.2982690678651823,0.041587672006678615
ST_Rev,Judgment,0.10069773474801061,0.03145306007152783,2.249075263699704,0.03145306007152783
LT_Rev,Judgment,0.06930007559681699,0.02623437987518207,3.2552015073039287,0.02623437987518207
