factor,n_test,coverage_scp,coverage_cwaci,width_scp,width_cwaci,width_ratio_high_low,coverage_scp_high,coverage_scp_low,coverage_cwaci_high,coverage_cwaci_low,adapts,improves_coverage
SMB,368,0.8668478260869565,0.9728260869565217,8.881333333333334,13.1947236086743,1.2150289038538744,0.7717391304347826,0.9619565217391305,0.9565217391304348,0.9891304347826086,True,False
HML,368,0.8396739130434783,0.9565217391304348,9.293000000000001,13.803783143328399,1.2454749343322231,0.7065217391304348,0.9728260869565217,0.9130434782608695,1.0,True,True
Mom,368,0.8233695652173914,0.9402173913043478,11.43666666666667,16.97290835246038,1.2358448021778998,0.6739130434782609,0.9728260869565217,0.8913043478260869,0.9891304347826086,True,True
CMA,368,0.8831521739130435,0.9646739130434783,6.602666666666665,9.783681298507418,1.211788050147605,0.7771739130434783,0.9891304347826086,0.9293478260869565,1.0,True,False
RMW,368,0.7961956521739131,0.9103260869565217,5.372666666666667,7.94813723062444,1.1887268570894969,0.6630434782608695,0.9293478260869565,0.8369565217391305,0.9836956521739131,True,True
