Model,AUC,Accuracy
RandomForest,0.7206430568499536,0.6651982378854625
GradientBoosting,0.8254116185150668,0.7533039647577092
NeuralNetwork,0.8477788132960546,0.748898678414097
